Model,Change Type,Field Name,Odoo 17 Definition,Odoo 18 Definition
AccountMoveLine,added,journal_group_id,,"Many2one(string='Ledger', comodel_name='account.journal.group', store=False, search='_search_journal_group_id')"
AccountMoveLine,added,account_name,,Char(related='account_id.name')
AccountMoveLine,added,account_code,,Char(related='account_id.code')
AccountMoveLine,added,is_imported,,Boolean()
AccountMoveLine,added,commercial_partner_country,,"Many2one(string='Commercial Partner Country', related='move_id.commercial_partner_id.country_id')"
AccountMoveLine,added,product_category_id,,Many2one(related='product_id.product_tmpl_id.categ_id')
AccountMoveLine,removed,tax_key,"Binary(compute='_compute_tax_key', exportable=False)",
AccountMoveLine,removed,compute_all_tax,"Binary(compute='_compute_all_tax', exportable=False)",
AccountMoveLine,removed,compute_all_tax_dirty,Boolean(compute='_compute_all_tax'),
AccountMoveLine,removed,blocked,"Boolean(string='No Follow-up', default=False, help='You can check this box to mark this journal item as a litigation with the associated partner')",
AccountMoveLine,modified,date,"Date(related='move_id.date', store=True, copy=False, group_operator='min')","Date(related='move_id.date', store=True, copy=False, aggregator='min')"
AccountMoveLine,modified,invoice_date,"Date(related='move_id.invoice_date', store=True, copy=False, group_operator='min')","Date(related='move_id.invoice_date', store=True, copy=False, aggregator='min')"
AccountMoveLine,modified,amount_currency,"Monetary(string='Amount in Currency', group_operator=None, compute='_compute_amount_currency', inverse='_inverse_amount_currency', store=True, readonly=False, precompute=True, help='The amount expressed in an optional other currency if it is a multi-currency entry.')","Monetary(string='Amount in Currency', compute='_compute_amount_currency', inverse='_inverse_amount_currency', store=True, readonly=False, precompute=True, help='The amount expressed in an optional other currency if it is a multi-currency entry.')"
AccountMoveLine,modified,payment_id,"Many2one(comodel_name='account.payment', string='Originator Payment', related='move_id.payment_id', store=True, auto_join=True, index='btree_not_null', help='The payment that created this entry')","Many2one(comodel_name='account.payment', string='Originator Payment', related='move_id.origin_payment_id', store=True, auto_join=True, index='btree_not_null', help='The payment that created this entry')"
AccountMoveLine,modified,amount_residual_currency,"Monetary(string='Residual Amount in Currency', compute='_compute_amount_residual', store=True, group_operator=None, help='The residual amount on a journal item expressed in its currency (possibly not the company currency).')","Monetary(string='Residual Amount in Currency', compute='_compute_amount_residual', store=True, aggregator=None, help='The residual amount on a journal item expressed in its currency (possibly not the company currency).')"
AccountMoveLine,modified,account_root_id,"Many2one(related='account_id.root_id', string='Account Root', store=True)","Many2one(related='account_id.root_id', string='Account Root', depends_context='company')"
AccountMoveLine,modified,discount_date,"Date(string='Discount Date', store=True, help='Last date at which the discounted amount must be paid in order for the Early Payment Discount to be granted')","Date(string='Discount Date', store=True, help='Last date at which the discounted amount must be paid in order for the Early Payment Discount to be granted', readonly=True)"
AccountMoveLine,modified,discount_amount_currency,"Monetary(string='Discount amount in Currency', store=True, currency_field='currency_id', group_operator=None)","Monetary(string='Discount amount in Currency', store=True, currency_field='currency_id', aggregator=None)"
AccountMoveLine,modified,payment_date,"Date(string='Payment Date', compute='_compute_payment_date', search='_search_payment_date')","Date(string='Next Payment Date', compute='_compute_payment_date', search='_search_payment_date')"
AccountJournalGroup,modified,name,"Char('Journal Group', required=True, translate=True)","Char('Ledger group', required=True, translate=True)"
AccountJournalGroup,modified,company_id,"Many2one('res.company', required=True, default=lambda self: self.env.company)","Many2one(comodel_name='res.company', help='Define which company can select the multi-ledger in report filters. If none is provided, available for all companies', default=lambda self: self.env.company)"
AccountJournalGroup,modified,excluded_journal_ids,"Many2many('account.journal', string='Excluded Journals', check_company=True)","Many2many('account.journal', string='Excluded Journals')"
AccountReconcileModelLine,modified,account_id,"Many2one('account.account', string='Account', ondelete='cascade', domain=""[('deprecated', '=', False), ('account_type', '!=', 'off_balance')]"", required=True, check_company=True)","Many2one('account.account', string='Account', ondelete='cascade', domain=""[('deprecated', '=', False), ('account_type', '!=', 'off_balance')]"", check_company=True)"
AccountReconcileModelLine,modified,journal_id,"Many2one('account.journal', string='Journal', ondelete='cascade', domain=""[('type', '=', 'general')]"", check_company=True)","Many2one(comodel_name='account.journal', string='Journal', ondelete='cascade', check_company=True, store=True, readonly=False, compute='_compute_journal_id')"
AccountReconcileModelLine,modified,amount_type,"Selection([('fixed', 'Fixed'), ('percentage', 'Percentage of balance'), ('percentage_st_line', 'Percentage of statement line'), ('regex', 'From label')], required=True, default='percentage')","Selection(selection=[('fixed', 'Fixed'), ('percentage', 'Percentage of balance'), ('percentage_st_line', 'Percentage of statement line'), ('regex', 'From label')], required=True, store=True, precompute=True, compute='_compute_amount_type', readonly=False)"
AccountReconcileModelLine,modified,tax_ids,"Many2many('account.tax', string='Taxes', ondelete='restrict', check_company=True)","Many2many(comodel_name='account.tax', string='Taxes', ondelete='restrict', check_company=True, compute='_compute_tax_ids', readonly=False, store=True)"
AccountReconcileModel,added,counterpart_type,,"Selection(selection=[('general', 'Journal Entry'), ('sale', 'Customer Invoices'), ('purchase', 'Vendor Bills')], string='Counterpart Type', default='general')"
AccountReconcileModel,modified,match_journal_ids,"Many2many('account.journal', string='Journals Availability', domain=""[('type', 'in', ('bank', 'cash'))]"", check_company=True, help='The reconciliation model will only be available from the selected journals.')","Many2many('account.journal', string='Journals Availability', domain=""[('type', 'in', ('bank', 'cash', 'credit'))]"", check_company=True, help='The reconciliation model will only be available from the selected journals.')"
AccountReconcileModel,modified,decimal_separator,"Char(default=lambda self: self.env['res.lang']._lang_get(self.env.user.lang).decimal_point, tracking=True, help='Every character that is nor a digit nor this separator will be removed from the matching string')","Char(default=lambda self: self.env['res.lang']._get_data(code=self.env.user.lang).decimal_point, tracking=True, help='Every character that is nor a digit nor this separator will be removed from the matching string')"
ProductDocument,added,attached_on_sale,,"Selection(selection=[('hidden', 'Hidden'), ('quotation', 'On quote'), ('sale_order', 'On confirmed order')], required=True, default='hidden', string='Sale : Visible at', help='Allows you to share the document with your customers within a sale.\nOn quote: the document will be sent to and accessible by customers at any time.\ne.g. this option can be useful to share Product description files.\nOn order confirmation: the document will be sent to and accessible by customers.\ne.g. this option can be useful to share User Manual or digital content bought on ecommerce. ', groups='sales_team.group_sale_salesman')"
ProductDocument,removed,attached_on,"Selection(selection=[('quotation', 'Quotation'), ('sale_order', 'Confirmed order')], string='Visible at', help=""Allows you to share the document with your customers within a sale.\nLeave it empty if you don't want to share this document with sales customer.\nQuotation: the document will be sent to and accessible by customers at any time.\ne.g. this option can be useful to share Product description files.\nConfirmed order: the document will be sent to and accessible by customers.\ne.g. this option can be useful to share User Manual or digital content bought on ecommerce. "")",
PurchaseOrder,added,partner_bill_count,,Integer(related='partner_id.supplier_invoice_count')
PurchaseOrder,added,amount_total_cc,,"Monetary(string='Company Total', store=True, readonly=True, compute='_amount_all', currency_field='company_currency_id')"
PurchaseOrder,added,company_currency_id,,"Many2one(related='company_id.currency_id', string='Company Currency')"
PurchaseOrder,added,company_price_include,,Selection(related='company_id.account_price_include')
PurchaseOrder,added,mail_reception_declined,,"Boolean('Reception Declined', readonly=True, copy=False, help='True if PO reception is declined by the vendor.')"
PurchaseOrder,modified,currency_rate,"Float('Currency Rate', compute='_compute_currency_rate', compute_sudo=True, store=True, readonly=True, help='Ratio between the purchase order currency and the company currency')","Float(string='Currency Rate', compute='_compute_currency_rate', digits=0, store=True, precompute=True)"
Message,added,account_audit_log_preview,,"Text(string='Description', compute='_compute_account_audit_log_preview')"
Message,added,account_audit_log_move_id,,"Many2one(comodel_name='account.move', string='Journal Entry', compute='_compute_account_audit_log_move_id', search='_search_account_audit_log_move_id')"
Message,added,account_audit_log_partner_id,,"Many2one(comodel_name='res.partner', string='Partner', compute='_compute_account_audit_log_partner_id', search='_search_account_audit_log_partner_id')"
Message,added,account_audit_log_account_id,,"Many2one(comodel_name='account.account', string='Account', compute='_compute_account_audit_log_account_id', search='_search_account_audit_log_account_id')"
Message,added,account_audit_log_tax_id,,"Many2one(comodel_name='account.tax', string='Tax', compute='_compute_account_audit_log_tax_id', search='_search_account_audit_log_tax_id')"
Message,added,account_audit_log_company_id,,"Many2one(comodel_name='res.company', string='Company ', compute='_compute_account_audit_log_company_id', search='_search_account_audit_log_company_id')"
Message,added,account_audit_log_activated,,"Boolean(string='Audit Log Activated', compute='_compute_account_audit_log_activated', search='_search_account_audit_log_activated')"
PurchaseOrderLine,added,is_downpayment,,Boolean()
PurchaseOrderLine,added,product_template_attribute_value_ids,,"Many2many(related='product_id.product_template_attribute_value_ids', readonly=True)"
PurchaseOrderLine,added,product_no_variant_attribute_value_ids,,"Many2many('product.template.attribute.value', string='Product attribute values that do not create variants', ondelete='restrict')"
PurchaseOrderLine,modified,product_id,"Many2one('product.product', string='Product', domain=[('purchase_ok', '=', True)], change_default=True, index='btree_not_null')","Many2one('product.product', string='Product', domain=[('purchase_ok', '=', True)], change_default=True, index='btree_not_null', ondelete='restrict')"
PurchaseOrderLine,modified,product_type,"Selection(related='product_id.detailed_type', readonly=True)","Selection(related='product_id.type', readonly=True)"
PurchaseOrderLine,modified,price_unit,"Float(string='Unit Price', required=True, digits='Product Price', compute='_compute_price_unit_and_date_planned_and_name', readonly=False, store=True)","Float(string='Unit Price', required=True, digits='Product Price', aggregator='avg', compute='_compute_price_unit_and_date_planned_and_name', readonly=False, store=True)"
PurchaseOrderLine,modified,price_subtotal,"Monetary(compute='_compute_amount', string='Subtotal', store=True)","Monetary(compute='_compute_amount', string='Subtotal', aggregator=None, store=True)"
AccountCodeMapping,added,account_id,,"Many2one(comodel_name='account.account', string='Account', compute='_compute_account_id', search=True)"
AccountCodeMapping,added,company_id,,"Many2one(comodel_name='res.company', string='Company', compute='_compute_company_id', readonly=False)"
AccountCodeMapping,added,code,,"Char(string='Code', compute='_compute_code', inverse='_inverse_code')"
ProductTemplate,modified,taxes_id,"Many2many('account.tax', 'product_taxes_rel', 'prod_id', 'tax_id', help='Default taxes used when selling the product.', string='Customer Taxes', domain=[('type_tax_use', '=', 'sale')], default=lambda self: self.env.companies.account_sale_tax_id or self.env.companies.root_id.sudo().account_sale_tax_id)","Many2many('account.tax', 'product_taxes_rel', 'prod_id', 'tax_id', string='Sales Taxes', help='Default taxes used when selling the product', domain=[('type_tax_use', '=', 'sale')], default=lambda self: self.env.companies.account_sale_tax_id or self.env.companies.root_id.sudo().account_sale_tax_id)"
ProductTemplate,modified,supplier_taxes_id,"Many2many('account.tax', 'product_supplier_taxes_rel', 'prod_id', 'tax_id', string='Vendor Taxes', help='Default taxes used when buying the product.', domain=[('type_tax_use', '=', 'purchase')], default=lambda self: self.env.companies.account_purchase_tax_id or self.env.companies.root_id.sudo().account_purchase_tax_id)","Many2many('account.tax', 'product_supplier_taxes_rel', 'prod_id', 'tax_id', string='Purchase Taxes', help='Default taxes used when buying the product', domain=[('type_tax_use', '=', 'purchase')], default=lambda self: self.env.companies.account_purchase_tax_id or self.env.companies.root_id.sudo().account_purchase_tax_id)"
ProductTemplate,modified,property_account_income_id,"Many2one('account.account', company_dependent=True, string='Income Account', domain=ACCOUNT_DOMAIN, help='Keep this field empty to use the default value from the product category.')","Many2one('account.account', company_dependent=True, ondelete='restrict', string='Income Account', domain=ACCOUNT_DOMAIN, help='Keep this field empty to use the default value from the product category.')"
ProductTemplate,modified,property_account_expense_id,"Many2one('account.account', company_dependent=True, string='Expense Account', domain=ACCOUNT_DOMAIN, help='Keep this field empty to use the default value from the product category. If anglo-saxon accounting with automated valuation method is configured, the expense account on the product category will be used.')","Many2one('account.account', company_dependent=True, ondelete='restrict', string='Expense Account', domain=ACCOUNT_DOMAIN, help='Keep this field empty to use the default value from the product category. If anglo-saxon accounting with automated valuation method is configured, the expense account on the product category will be used.')"
ResPartner,added,partner_vat_placeholder,,Char(compute='_compute_partner_vat_placeholder')
ResPartner,added,partner_company_registry_placeholder,,Char(compute='_compute_partner_company_registry_placeholder')
ResPartner,added,duplicate_bank_partner_ids,,Many2many(related='bank_ids.duplicate_bank_partner_ids')
ResPartner,added,ignore_abnormal_invoice_date,,Boolean(company_dependent=True)
ResPartner,added,ignore_abnormal_invoice_amount,,Boolean(company_dependent=True)
ResPartner,added,invoice_sending_method,,"Selection(string='Invoice sending', selection=[('manual', 'Download'), ('email', 'by Email')], company_dependent=True)"
ResPartner,added,invoice_edi_format,,"Selection(string='eInvoice format', selection=[], compute='_compute_invoice_edi_format', inverse='_inverse_invoice_edi_format', compute_sudo=True)"
ResPartner,added,invoice_edi_format_store,,Char(company_dependent=True)
ResPartner,added,display_invoice_edi_format,,"Boolean(default=lambda self: len(self._fields['invoice_edi_format'].selection), store=False)"
ResPartner,added,invoice_template_pdf_report_id,,"Many2one(comodel_name='ir.actions.report', string='Invoice template', domain=""[('is_invoice_report', '=', True)]"", readonly=False, store=True)"
ResPartner,added,display_invoice_template_pdf_report_id,,"Boolean(default=_default_display_invoice_template_pdf_report_id, store=False)"
ResPartner,added,autopost_bills,,"Selection(selection=[('always', 'Always'), ('ask', 'Ask after 3 validations without edits'), ('never', 'Never')], string='Auto-post bills', help='Automatically post bills for this trusted partner', default='ask', required=True)"
ResPartner,added,property_outbound_payment_method_line_id,,"Many2one(comodel_name='account.payment.method.line', company_dependent=True, domain=lambda self: [('payment_type', '=', 'outbound'), ('company_id', '=', self.env.company.id)], help='Preferred payment method when buying from this vendor. This will be set by default on all outgoing payments created for this vendor')"
ResPartner,added,property_inbound_payment_method_line_id,,"Many2one(comodel_name='account.payment.method.line', company_dependent=True, domain=lambda self: [('payment_type', '=', 'inbound'), ('company_id', '=', self.env.company.id)], help='Preferred payment method when selling to this customer. This will be set by default on all incoming payments created for this customer')"
ResPartner,removed,has_unreconciled_entries,"Boolean(compute='_compute_has_unreconciled_entries', help='The partner has at least one unreconciled debit and credit since last time the invoices & payments matching was performed.')",
ResPartner,removed,last_time_entries_checked,"Datetime(string='Latest Invoices & Payments Matching Date', readonly=True, copy=False, help='Last time the invoices & payments matching was performed for this partner. It is set either if there\'s not at least an unreconciled debit and an unreconciled credit or if you click the ""Done"" button.')",
ResPartner,modified,property_account_payable_id,"Many2one('account.account', company_dependent=True, string='Account Payable', domain=""[('account_type', '=', 'liability_payable'), ('deprecated', '=', False)]"", help='This account will be used instead of the default one as the payable account for the current partner', required=True)","Many2one('account.account', company_dependent=True, string='Account Payable', domain=""[('account_type', '=', 'liability_payable'), ('deprecated', '=', False)]"", help='This account will be used instead of the default one as the payable account for the current partner', ondelete='restrict')"
ResPartner,modified,property_account_receivable_id,"Many2one('account.account', company_dependent=True, string='Account Receivable', domain=""[('account_type', '=', 'asset_receivable'), ('deprecated', '=', False)]"", help='This account will be used instead of the default one as the receivable account for the current partner', required=True)","Many2one('account.account', company_dependent=True, string='Account Receivable', domain=""[('account_type', '=', 'asset_receivable'), ('deprecated', '=', False)]"", help='This account will be used instead of the default one as the receivable account for the current partner', ondelete='restrict')"
ResPartner,modified,property_payment_term_id,"Many2one('account.payment.term', company_dependent=True, string='Customer Payment Terms', help='This payment term will be used instead of the default one for sales orders and customer invoices')","Many2one('account.payment.term', company_dependent=True, string='Customer Payment Terms', help='This payment term will be used instead of the default one for sales orders and customer invoices', ondelete='restrict')"
ResPartner,modified,trust,"Selection([('good', 'Good Debtor'), ('normal', 'Normal Debtor'), ('bad', 'Bad Debtor')], string='Degree of trust you have in this debtor', default='normal', company_dependent=True)","Selection([('good', 'Good Debtor'), ('normal', 'Normal Debtor'), ('bad', 'Bad Debtor')], string='Degree of trust you have in this debtor', company_dependent=True)"
SaleOrderLine,added,is_configurable_product,,"Boolean(string='Is the product configurable?', related='product_template_id.has_configurable_attributes', depends=['product_id'])"
SaleOrderLine,added,product_template_attribute_value_ids,,"Many2many(related='product_id.product_template_attribute_value_ids', depends=['product_id'])"
SaleOrderLine,added,is_product_archived,,Boolean(compute='_compute_is_product_archived')
SaleOrderLine,added,translated_product_name,,Text(compute='_compute_translated_product_name')
SaleOrderLine,added,linked_line_id,,"Many2one(string='Linked Order Line', comodel_name='sale.order.line', ondelete='cascade', domain=""[('order_id', '=', order_id)]"", copy=False, index=True)"
SaleOrderLine,added,linked_line_ids,,"One2many(string='Linked Order Lines', comodel_name='sale.order.line', inverse_name='linked_line_id')"
SaleOrderLine,added,virtual_id,,Char()
SaleOrderLine,added,linked_virtual_id,,Char()
SaleOrderLine,added,selected_combo_items,,Char(store=False)
SaleOrderLine,added,combo_item_id,,Many2one(comodel_name='product.combo.item')
SaleOrderLine,added,technical_price_unit,,Float()
SaleOrderLine,added,qty_invoiced_posted,,"Float(string='Invoiced Quantity (posted)', compute='_compute_qty_invoiced_posted', digits='Product Unit of Measure')"
SaleOrderLine,added,amount_invoiced,,"Monetary(string='Invoiced Amount', compute='_compute_amount_invoiced', compute_sudo=True)"
SaleOrderLine,added,amount_to_invoice,,"Monetary(string='Un-invoiced Balance', compute='_compute_amount_to_invoice', compute_sudo=True)"
SaleOrderLine,added,service_tracking,,"Selection(related='product_id.service_tracking', depends=['product_id'])"
SaleOrderLine,added,company_price_include,,Selection(related='company_id.account_price_include')
SaleOrderLine,modified,product_type,"Selection(related='product_id.detailed_type', depends=['product_id'])","Selection(related='product_id.type', depends=['product_id'])"
AccountReportLine,added,horizontal_split_side,,"Selection(string='Horizontal Split Side', selection=[('left', 'Left'), ('right', 'Right')], compute='_compute_horizontal_split_side', readonly=False, store=True, recursive=True)"
AccountCashRounding,removed,company_id,"Many2one('res.company', related='profit_account_id.company_id')",
AccountCashRounding,modified,profit_account_id,"Many2one('account.account', string='Profit Account', company_dependent=True, domain=""[('deprecated', '=', False)]"")","Many2one('account.account', string='Profit Account', company_dependent=True, check_company=True, domain=""[('deprecated', '=', False), ('account_type', 'not in', ('asset_receivable', 'liability_payable'))]"", ondelete='restrict')"
AccountCashRounding,modified,loss_account_id,"Many2one('account.account', string='Loss Account', company_dependent=True, domain=""[('deprecated', '=', False)]"")","Many2one('account.account', string='Loss Account', company_dependent=True, check_company=True, domain=""[('deprecated', '=', False), ('account_type', 'not in', ('asset_receivable', 'liability_payable'))]"", ondelete='restrict')"
AccountRoot,removed,company_id,"Many2one('res.company', )",
AccountRoot,modified,name,Char(),Char(compute='_compute_root')
AccountRoot,modified,parent_id,"Many2one('account.root', )","Many2one('account.root', compute='_compute_root')"
CrmTeam,modified,invoiced_target,"Float(string='Invoicing Target', help='Revenue target for the current month (untaxed total of confirmed invoices).')","Float(string='Invoicing Target', help='Revenue Target for the current month (untaxed total of paid invoices).')"
ResPartnerBank,added,duplicate_bank_partner_ids,,"Many2many('res.partner', compute='_compute_duplicate_bank_partner_ids')"
AccountReport,added,integer_rounding,,"Selection(string='Integer Rounding', selection=[('HALF-UP', 'Nearest'), ('UP', 'Up'), ('DOWN', 'Down')])"
AccountReport,added,currency_translation,,"Selection(string='Currency Translation', selection=[('current', 'Use the most recent rate at the date of the report'), ('cta', 'Use CTA')], compute=lambda x: x._compute_report_option_filter('currency_translation', 'cta'), readonly=False, store=True, depends=['root_report_id', 'section_main_report_ids'])"
AccountReport,added,filter_budgets,,"Boolean(string='Budgets', compute=lambda x: x._compute_report_option_filter('filter_budgets'), readonly=False, store=True, depends=['root_report_id', 'section_main_report_ids'])"
AccountReport,modified,prefix_groups_threshold,Integer(string='Prefix Groups Threshold'),"Integer(string='Prefix Groups Threshold', default=4000)"
AccountReport,modified,default_opening_date_filter,"Selection(string='Default Opening', selection=[('this_year', 'This Year'), ('this_quarter', 'This Quarter'), ('this_month', 'This Month'), ('today', 'Today'), ('last_month', 'Last Month'), ('last_quarter', 'Last Quarter'), ('last_year', 'Last Year'), ('this_tax_period', 'This Tax Period'), ('last_tax_period', 'Last Tax Period')], compute=lambda x: x._compute_report_option_filter('default_opening_date_filter', 'last_month'), readonly=False, store=True, depends=['root_report_id', 'section_main_report_ids'])","Selection(string='Default Opening', selection=[('this_year', 'This Year'), ('this_quarter', 'This Quarter'), ('this_month', 'This Month'), ('today', 'Today'), ('previous_month', 'Last Month'), ('previous_quarter', 'Last Quarter'), ('previous_year', 'Last Year'), ('this_tax_period', 'This Tax Period'), ('previous_tax_period', 'Last Tax Period')], compute=lambda x: x._compute_report_option_filter('default_opening_date_filter', 'previous_month'), readonly=False, store=True, depends=['root_report_id', 'section_main_report_ids'])"
IrActionsReport,added,is_invoice_report,,"Boolean(string='Invoice report', copy=True)"
ResCompany,added,sale_lock_date,,"Date(string='Sales Lock Date', tracking=True, help=""Any sales entry prior to and including this date will be postponed to a later date, in accordance with its journal's sequence."")"
ResCompany,added,purchase_lock_date,,"Date(string='Purchase Lock date', tracking=True, help=""Any purchase entry prior to and including this date will be postponed to a later date, in accordance with its journal's sequence."")"
ResCompany,added,hard_lock_date,,"Date(string='Hard Lock Date', tracking=True, help='Any entry up to and including that date will be postponed to a later time, in accordance with its journal sequence. This lock date is irreversible and does not allow any exception.')"
ResCompany,added,user_fiscalyear_lock_date,,Date(compute='_compute_user_fiscalyear_lock_date')
ResCompany,added,user_tax_lock_date,,Date(compute='_compute_user_tax_lock_date')
ResCompany,added,user_sale_lock_date,,Date(compute='_compute_user_sale_lock_date')
ResCompany,added,user_purchase_lock_date,,Date(compute='_compute_user_purchase_lock_date')
ResCompany,added,user_hard_lock_date,,Date(compute='_compute_user_hard_lock_date')
ResCompany,added,display_invoice_tax_company_currency,,"Boolean(string='Taxes in company currency', default=True)"
ResCompany,added,batch_payment_sequence_id,,"Many2one(comodel_name='ir.sequence', readonly=True, copy=False, default=lambda self: self.env['ir.sequence'].sudo().create({'name': _('Batch Payment Number Sequence'), 'implementation': 'no_gap', 'padding': 5, 'use_date_range': True, 'company_id': self.id, 'prefix': 'BATCH/%(year)s/'}))"
ResCompany,added,check_account_audit_trail,,Boolean(string='Audit Trail')
ResCompany,added,autopost_bills,,"Boolean(string='Auto-validate bills', default=True)"
ResCompany,added,account_price_include,,"Selection(selection=[('tax_included', 'Tax Included'), ('tax_excluded', 'Tax Excluded')], string='Default Sales Price Include', default='tax_excluded', required=True, help='Default on whether the sales price used on the product and invoices with this Company includes its taxes.')"
ResCompany,added,company_vat_placeholder,,Char(compute='_compute_company_vat_placeholder')
ResCompany,added,company_registry_placeholder,,Char(compute='_compute_company_registry_placeholder')
ResCompany,removed,period_lock_date,"Date(string='Journals Entries Lock Date', tracking=True, help=""Only users with the 'Adviser' role can edit accounts prior to and inclusive of this date. Use it for period locking inside an open fiscal year, for example."")",
ResCompany,removed,max_tax_lock_date,"Date(compute='_compute_max_tax_lock_date', recursive=True)",
ResCompany,removed,account_journal_payment_debit_account_id,"Many2one('account.account', string='Journal Outstanding Receipts', check_company=True)",
ResCompany,removed,account_journal_payment_credit_account_id,"Many2one('account.account', string='Journal Outstanding Payments', check_company=True)",
ResCompany,removed,invoice_is_email,"Boolean('Email by default', default=True)",
ResCompany,removed,invoice_is_download,"Boolean('Download by default', default=True)",
ResCompany,removed,country_code,"Char(related='country_id.code', depends=['country_id'])",
ResCompany,modified,fiscalyear_lock_date,"Date(string='All Users Lock Date', tracking=True, help='No users, including Advisers, can edit accounts prior to and inclusive of this date. Use it for fiscal year locking for example.')","Date(string='Global Lock Date', tracking=True, help=""Any entry up to and including that date will be postponed to a later time, in accordance with its journal's sequence."")"
ResCompany,modified,tax_lock_date,"Date(string='Tax Return Lock Date', tracking=True, help='No users can edit journal entries related to a tax prior and inclusive of this date.')","Date(string='Tax Return Lock Date', tracking=True, help=""Any entry with taxes up to and including that date will be postponed to a later time, in accordance with its journal's sequence. The tax lock date is automatically set when the tax closing entry is posted."")"
ResCompany,modified,transfer_account_id,"Many2one('account.account', check_company=True, domain=""[('reconcile', '=', True), ('account_type', '=', 'asset_current'), ('deprecated', '=', False)]"", string='Inter-Banks Transfer Account', help='Intermediary account used when moving money from a liqity account to another')","Many2one('account.account', check_company=True, domain=""[('reconcile', '=', True), ('account_type', '=', 'asset_current'), ('deprecated', '=', False)]"", string='Inter-Banks Transfer Account', help='Intermediary account used when moving money from a liquidity account to another')"
AccountFiscalPosition,added,account_map,,Binary(compute='_compute_account_map')
AccountFiscalPosition,added,tax_map,,Binary(compute='_compute_tax_map')
AccountGroup,removed,parent_path,"Char(index=True, unaccent=False)",
SaleOrder,added,has_archived_products,,Boolean(compute='_compute_has_archived_products')
SaleOrder,added,company_price_include,,Selection(related='company_id.account_price_include')
SaleOrder,added,duplicated_order_ids,,"Many2many(comodel_name='sale.order', compute='_compute_duplicated_order_ids')"
SaleOrder,removed,analytic_account_id,"Many2one(comodel_name='account.analytic.account', string='Analytic Account', copy=False, check_company=True, domain=""['|', ('company_id', '=', False), ('company_id', '=', company_id)]"")",
SaleOrder,modified,locked,"Boolean(default=False, copy=False, help='Locked orders cannot be modified.')","Boolean(help='Locked orders cannot be modified.', default=False, copy=False, tracking=True)"
SaleOrder,modified,validity_date,"Date(string='Expiration', compute='_compute_validity_date', store=True, readonly=False, copy=False, precompute=True)","Date(string='Expiration', help='Validity of the order, after that you will not able to sign & pay the quotation.', compute='_compute_validity_date', store=True, readonly=False, copy=False, precompute=True)"
SaleOrder,modified,amount_to_invoice,"Monetary(string='Amount to invoice', store=True, compute='_compute_amount_to_invoice')","Monetary(string='Un-invoiced Balance', compute='_compute_amount_to_invoice')"
SaleOrder,modified,amount_invoiced,"Monetary(string='Already invoiced', compute='_compute_amount_invoiced', compute_sudo=True)","Monetary(string='Already invoiced', compute='_compute_amount_invoiced')"
SaleOrder,modified,amount_paid,"Float(compute='_compute_amount_paid', compute_sudo=True)","Float(string='Payment Transactions Amount', help=""Sum of transactions made in through the online payment form that are in the state 'done' or 'authorized' and linked to this order."", compute='_compute_amount_paid', compute_sudo=True)"
PurchaseBillMatch,added,pol_id,,"Many2one(comodel_name='purchase.order.line', readonly=True)"
PurchaseBillMatch,added,aml_id,,"Many2one(comodel_name='account.move.line', readonly=True)"
PurchaseBillMatch,added,company_id,,"Many2one(comodel_name='res.company', readonly=True)"
PurchaseBillMatch,added,partner_id,,"Many2one(comodel_name='res.partner', readonly=True)"
PurchaseBillMatch,added,product_id,,"Many2one(comodel_name='product.product', readonly=True)"
PurchaseBillMatch,added,line_qty,,Float(readonly=True)
PurchaseBillMatch,added,line_uom_id,,"Many2one(comodel_name='uom.uom', readonly=True)"
PurchaseBillMatch,added,qty_invoiced,,Float(readonly=True)
PurchaseBillMatch,added,purchase_order_id,,"Many2one(comodel_name='purchase.order', readonly=True)"
PurchaseBillMatch,added,account_move_id,,"Many2one(comodel_name='account.move', readonly=True)"
PurchaseBillMatch,added,line_amount_untaxed,,Monetary(readonly=True)
PurchaseBillMatch,added,currency_id,,"Many2one(comodel_name='res.currency', readonly=True)"
PurchaseBillMatch,added,state,,Char(readonly=True)
PurchaseBillMatch,added,product_uom_id,,"Many2one(comodel_name='uom.uom', related='product_id.uom_id')"
PurchaseBillMatch,added,product_uom_qty,,"Float(compute='_compute_product_uom_qty', inverse='_inverse_product_uom_qty', readonly=False)"
PurchaseBillMatch,added,product_uom_price,,"Float(compute='_compute_product_uom_price', inverse='_inverse_product_uom_price', readonly=False)"
PurchaseBillMatch,added,billed_amount_untaxed,,"Monetary(compute='_compute_amount_untaxed_fields', currency_field='currency_id')"
PurchaseBillMatch,added,purchase_amount_untaxed,,"Monetary(compute='_compute_amount_untaxed_fields', currency_field='currency_id')"
PurchaseBillMatch,added,reference,,Char(compute='_compute_reference')
res_partner,modified,purchase_order_count,"Integer(compute='_compute_purchase_order_count', string='Purchase Order Count')","Integer(string='Purchase Order Count', groups='purchase.group_purchase_user', compute='_compute_purchase_order_count')"
res_partner,modified,receipt_reminder_email,"Boolean('Receipt Reminder', default=False, company_dependent=True, help='Automatically send a confirmation email to the vendor X days before the expected receipt date, asking him to confirm the exact date.')","Boolean('Receipt Reminder', company_dependent=True, help='Automatically send a confirmation email to the vendor X days before the expected receipt date, asking him to confirm the exact date.')"
res_partner,modified,reminder_date_before_receipt,"Integer('Days Before Receipt', default=1, company_dependent=True, help='Number of days to send reminder email before the promised receipt date')","Integer('Days Before Receipt', company_dependent=True, help='Number of days to send reminder email before the promised receipt date')"
AccountBankStatementLine,added,journal_id,,"Many2one(comodel_name='account.journal', inherited=True, related='move_id.journal_id', store=True, readonly=False, precompute=True, index=False, required=True)"
AccountBankStatementLine,added,company_id,,"Many2one(comodel_name='res.company', inherited=True, related='move_id.company_id', store=True, readonly=False, precompute=True, index=False, required=True)"
AccountBankStatementLine,modified,internal_index,"Char(string='Internal Reference', compute='_compute_internal_index', store=True, index=True)","Char(string='Internal Reference', compute='_compute_internal_index', store=True)"
AccountBankStatement,modified,first_line_index,"Char(comodel_name='account.bank.statement.line', compute='_compute_date_index', store=True, index=True)","Char(comodel_name='account.bank.statement.line', compute='_compute_date_index', store=True)"
AccountBankStatement,modified,line_ids,"One2many(comodel_name='account.bank.statement.line', inverse_name='statement_id', string='Statement lines', required=True)","One2many(comodel_name='account.bank.statement.line', inverse_name='statement_id', string='Statement lines')"
AccountPaymentTermLine,added,display_days_next_month,,Boolean(compute='_compute_display_days_next_month')
AccountPaymentTermLine,added,days_next_month,,"Char(string='Days on the next month', readonly=False, default='10', size=2)"
AccountPaymentTermLine,modified,delay_type,"Selection([('days_after', 'Days after invoice date'), ('days_after_end_of_month', 'Days after end of month'), ('days_after_end_of_next_month', 'Days after end of next month')], required=True, default='days_after')","Selection([('days_after', 'Days after invoice date'), ('days_after_end_of_month', 'Days after end of month'), ('days_after_end_of_next_month', 'Days after end of next month'), ('days_end_of_month_on_the', 'Days end of month on the')], required=True, default='days_after')"
AccountPaymentMethodLine,added,default_account_id,,Many2one(related='journal_id.default_account_id')
AccountPaymentMethodLine,modified,payment_method_id,"Many2one(string='Payment Method', comodel_name='account.payment.method', domain=""[('payment_type', '=?', payment_type), ('id', 'in', available_payment_method_ids)]"", required=True, ondelete='cascade')","Many2one(string='Payment Method', comodel_name='account.payment.method', domain=""[('payment_type', '=?', payment_type), ('id', 'in', available_payment_method_ids)]"", required=True)"
AccountPaymentMethodLine,modified,payment_account_id,"Many2one(comodel_name='account.account', check_company=True, copy=False, ondelete='restrict', domain=""[('deprecated', '=', False), '|', ('account_type', 'in', ('asset_current', 'liability_current')), ('id', '=', parent.default_account_id)]"")","Many2one(comodel_name='account.account', check_company=True, copy=False, ondelete='restrict', domain=""[('deprecated', '=', False), '|', ('account_type', 'in', ('asset_current', 'liability_current')), ('id', '=', default_account_id)]"")"
AccountPaymentMethodLine,modified,journal_id,"Many2one(comodel_name='account.journal', ondelete='cascade', check_company=True)","Many2one(comodel_name='account.journal', check_company=True)"
AccountAnalyticApplicability,added,account_prefix_placeholder,,Char(compute='_compute_prefix_placeholder')
AccountAnalyticApplicability,modified,account_prefix,"Char(string='Financial Accounts Prefix', help='Prefix that defines which accounts from the financial accounting this applicability should apply on.')","Char(string='Financial Accounts Prefixes', help='Prefix that defines which accounts from the financial accounting this applicability should apply on.')"
ResCurrency,modified,fiscal_country_codes,Char(compute='_compute_fiscal_country_codes'),"Char(store=False, default=_get_fiscal_country_codes)"
AccountJournal,added,autocheck_on_post,,"Boolean(string='Auto-Check on Post', default=True)"
AccountJournal,removed,sale_activity_type_id,"Many2one('mail.activity.type', string='Schedule Activity', default=False, help='Activity will be automatically scheduled on payment due date, improving collection process.')",
AccountJournal,removed,sale_activity_user_id,"Many2one('res.users', string='Activity User', help='Leave empty to assign the Salesperson of the invoice.')",
AccountJournal,removed,sale_activity_note,"Text('Activity Summary', )",
AccountJournal,removed,secure_sequence_id,"Many2one('ir.sequence', help='Sequence to use to ensure the securisation of data', check_company=True, readonly=True, copy=False)",
AccountJournal,modified,type,"Selection([('sale', 'Sales'), ('purchase', 'Purchase'), ('cash', 'Cash'), ('bank', 'Bank'), ('general', 'Miscellaneous')], required=True, help=""Select 'Sale' for customer invoices journals.\nSelect 'Purchase' for vendor bills journals.\nSelect 'Cash' or 'Bank' for journals that are used in customer or vendor payments.\nSelect 'General' for miscellaneous operations journals."")","Selection([('sale', 'Sales'), ('purchase', 'Purchase'), ('cash', 'Cash'), ('bank', 'Bank'), ('credit', 'Credit Card'), ('general', 'Miscellaneous')], required=True, help=""\n        Select 'Sale' for customer invoices journals.\n        Select 'Purchase' for vendor bills journals.\n        Select 'Cash', 'Bank' or 'Credit Card' for journals that are used in customer or vendor payments.\n        Select 'General' for miscellaneous operations journals.\n        "")"
AccountJournal,modified,restrict_mode_hash_table,"Boolean(string='Lock Posted Entries with Hash', help='If ticked, the accounting entry or invoice receives a hash as soon as it is posted and cannot be modified anymore.')","Boolean(string='Secure Posted Entries with Hash', help='If ticked, when an entry is posted, we retroactively hash all moves in the sequence from the entry back to the last hashed entry. The hash can also be performed on demand by the Secure Entries wizard.')"
AccountJournal,modified,refund_sequence,"Boolean(string='Dedicated Credit Note Sequence', help=""Check this box if you don't want to share the same sequence for invoices and credit notes made from this journal"", default=False)","Boolean(string='Dedicated Credit Note Sequence', compute='_compute_refund_sequence', readonly=False, store=True, help=""Check this box if you don't want to share the same sequence for invoices and credit notes made from this journal"")"
AccountJournal,modified,journal_group_ids,"Many2many('account.journal.group', check_company=True, string='Journal Groups')","Many2many('account.journal.group', check_company=True, string='Ledger Group')"
ProductCategory,modified,property_account_income_categ_id,"Many2one('account.account', company_dependent=True, string='Income Account', domain=ACCOUNT_DOMAIN, help='This account will be used when validating a customer invoice.')","Many2one('account.account', company_dependent=True, string='Income Account', domain=ACCOUNT_DOMAIN, help='This account will be used when validating a customer invoice.', tracking=True, ondelete='restrict')"
ProductCategory,modified,property_account_expense_categ_id,"Many2one('account.account', company_dependent=True, string='Expense Account', domain=ACCOUNT_DOMAIN, help='The expense is accounted for when a vendor bill is validated, except in anglo-saxon accounting with perpetual inventory valuation in which case the expense (Cost of Goods Sold account) is recognized at the customer invoice validation.')","Many2one('account.account', company_dependent=True, string='Expense Account', domain=ACCOUNT_DOMAIN, help='The expense is accounted for when a vendor bill is validated, except in anglo-saxon accounting with perpetual inventory valuation in which case the expense (Cost of Goods Sold account) is recognized at the customer invoice validation.', tracking=True, ondelete='restrict')"
AccountAnalyticDistributionModel,added,prefix_placeholder,,Char(compute='_compute_prefix_placeholder')
AccountMove,added,name_placeholder,,Char(compute='_compute_name_placeholder')
AccountMove,added,journal_group_id,,"Many2one('account.journal.group', string='Ledger', store=False, search='_search_journal_group_id')"
AccountMove,added,origin_payment_id,,"Many2one(comodel_name='account.payment', string='Payment', index='btree_not_null', copy=False, check_company=True)"
AccountMove,added,matched_payment_ids,,"Many2many(string='Matched Payments', comodel_name='account.payment', relation='account_move__account_payment', column1='invoice_id', column2='payment_id', copy=False)"
AccountMove,added,payment_count,,Integer(compute='_compute_payment_count')
AccountMove,added,checked,,"Boolean(string='Checked', tracking=True, help='If this checkbox is not ticked, it means that the user was not sure of all the related information at the time of the creation of the move and that the move needs to be checked again.')"
AccountMove,added,made_sequence_gap,,"Boolean(compute='_compute_made_sequence_gap', store=True)"
AccountMove,added,company_price_include,,"Selection(related='company_id.account_price_include', readonly=True)"
AccountMove,added,audit_trail_message_ids,,"One2many('mail.message', 'res_id', domain=[('model', '=', 'account.move'), ('message_type', '=', 'notification')], string='Audit Trail Messages')"
AccountMove,added,secured,,"Boolean(compute='_compute_secured', search='_search_secured', help='The entry is secured with an inalterable hash.')"
AccountMove,added,preferred_payment_method_line_id,,"Many2one(string='Preferred Payment Method Line', comodel_name='account.payment.method.line', compute='_compute_preferred_payment_method_line_id', store=True, readonly=False)"
AccountMove,added,invoice_currency_rate,,"Float(string='Currency Rate', compute='_compute_invoice_currency_rate', store=True, precompute=True, copy=False, digits=0, help='Currency rate from company currency to document currency.')"
AccountMove,added,amount_untaxed_in_currency_signed,,"Monetary(string='Untaxed Amount Signed Currency', compute='_compute_amount', store=True, readonly=True, currency_field='currency_id')"
AccountMove,added,status_in_payment,,"Selection(selection=PAYMENT_STATE_SELECTION + [('draft', 'Draft'), ('cancel', 'Cancelled')], compute='_compute_status_in_payment', copy=False)"
AccountMove,added,reversal_move_ids,,"One2many('account.move', 'reversed_entry_id', )"
AccountMove,added,is_manually_modified,,Boolean()
AccountMove,added,move_sent_values,,"Selection(selection=[('sent', 'Sent'), ('not_sent', 'Not Sent')], string='Sent', compute='compute_move_sent_values')"
AccountMove,added,sending_data,,Json(copy=False)
AccountMove,added,abnormal_amount_warning,,Text(compute='_compute_abnormal_warnings')
AccountMove,added,abnormal_date_warning,,Text(compute='_compute_abnormal_warnings')
AccountMove,added,taxes_legal_notes,,"Html(string='Taxes Legal Notes', compute='_compute_taxes_legal_notes')"
AccountMove,added,next_payment_date,,"Date(string='Next Payment Date', compute='_compute_next_payment_date', search='_search_next_payment_date')"
AccountMove,removed,payment_id,"Many2one(comodel_name='account.payment', string='Payment', index='btree_not_null', copy=False, check_company=True)",
AccountMove,removed,to_check,"Boolean(string='To Check', tracking=True, help='If this checkbox is ticked, it means that the user was not sure of all the related information at the time of the creation of the move and that the move needs to be checked again.')",
AccountMove,removed,made_sequence_hole,Boolean(compute='_compute_made_sequence_hole'),
AccountMove,removed,string_to_hash,"Char(compute='_compute_string_to_hash', readonly=True)",
AccountMove,removed,reversal_move_id,"One2many('account.move', 'reversed_entry_id', )",
AccountMove,removed,send_and_print_values,Json(copy=False),
AccountMove,modified,secure_sequence_number,"Integer(string='Inalteralbility No Gap Sequence #', readonly=True, copy=False, index=True)","Integer(string='Inalterability No Gap Sequence #', readonly=True, copy=False, index=True)"
AccountMove,modified,inalterable_hash,"Char(string='Inalterability Hash', readonly=True, copy=False)","Char(string='Inalterability Hash', readonly=True, copy=False, index='btree_not_null')"
AccountMove,modified,delivery_date,"Date(string='Delivery Date', copy=False, compute='_compute_delivery_date', store=True, readonly=False)","Date(string='Delivery Date', copy=False, store=True, compute='_compute_delivery_date', precompute=True, readonly=False)"
AccountReportExpression,modified,date_scope,"Selection(string='Date Scope', selection=[('from_beginning', 'From the very start'), ('from_fiscalyear', 'From the start of the fiscal year'), ('to_beginning_of_fiscalyear', 'At the beginning of the fiscal year'), ('to_beginning_of_period', 'At the beginning of the period'), ('normal', 'According to each type of account'), ('strict_range', 'Strictly on the given dates'), ('previous_tax_period', 'From previous tax period')], required=True, default='strict_range')","Selection(string='Date Scope', selection=[('from_beginning', 'From the very start'), ('from_fiscalyear', 'From the start of the fiscal year'), ('to_beginning_of_fiscalyear', 'At the beginning of the fiscal year'), ('to_beginning_of_period', 'At the beginning of the period'), ('strict_range', 'Strictly on the given dates'), ('previous_tax_period', 'From previous tax period')], required=True, default='strict_range')"
account_journal,added,has_posted_entries,,Boolean(compute='_compute_has_entries')
account_journal,added,has_entries,,Boolean(compute='_compute_has_entries')
account_journal,added,has_unhashed_entries,,"Boolean(string='Unhashed Entries', compute='_compute_has_unhashed_entries')"
AccountAccount,added,company_fiscal_country_code,,Char(compute='_compute_company_fiscal_country_code')
AccountAccount,added,code_store,,Char(company_dependent=True)
AccountAccount,added,placeholder_code,,"Char(string='Display code', compute='_compute_placeholder_code', search='_search_placeholder_code')"
AccountAccount,added,company_ids,,"Many2many('res.company', string='Companies', required=True, readonly=False, default=lambda self: self.env.company)"
AccountAccount,added,code_mapping_ids,,"One2many(comodel_name='account.code.mapping', inverse_name='account_id')"
AccountAccount,added,display_mapping_tab,,"Boolean(default=lambda self: len(self.env.user.company_ids) > 1, store=False)"
AccountAccount,removed,company_id,"Many2one('res.company', string='Company', required=True, readonly=False, default=lambda self: self.env.company)",
AccountAccount,modified,company_currency_id,Many2one(related='company_id.currency_id'),"Many2one('res.currency', compute='_compute_company_currency_id')"
AccountAccount,modified,code,"Char(size=64, required=True, tracking=True, index=True, unaccent=False)","Char(string='Code', size=64, tracking=True, compute='_compute_code', search='_search_code', inverse='_inverse_code')"
AccountAccount,modified,include_initial_balance,"Boolean(string='Bring Accounts Balance Forward', help='Used in reports to know if we should consider journal items from the beginning of time instead of from the fiscal year only. Account types that should be reset to zero at each new fiscal year (like expenses, revenue..) should not have this option set.', compute='_compute_include_initial_balance', store=True, precompute=True)","Boolean(string='Bring Accounts Balance Forward', help='Used in reports to know if we should consider journal items from the beginning of time instead of from the fiscal year only. Account types that should be reset to zero at each new fiscal year (like expenses, revenue..) should not have this option set.', compute='_compute_include_initial_balance', search='_search_include_initial_balance')"
AccountAccount,modified,internal_group,"Selection(selection=[('equity', 'Equity'), ('asset', 'Asset'), ('liability', 'Liability'), ('income', 'Income'), ('expense', 'Expense'), ('off_balance', 'Off Balance')], string='Internal Group', compute='_compute_internal_group', store=True, precompute=True)","Selection(selection=[('equity', 'Equity'), ('asset', 'Asset'), ('liability', 'Liability'), ('income', 'Income'), ('expense', 'Expense'), ('off', 'Off Balance')], string='Internal Group', compute='_compute_internal_group', search='_search_internal_group')"
AccountAccount,modified,tag_ids,"Many2many(comodel_name='account.account.tag', relation='account_account_account_tag', string='Tags', help='Optional tags you may want to assign for custom reporting', ondelete='restrict', tracking=True)","Many2many(comodel_name='account.account.tag', relation='account_account_account_tag', compute='_compute_account_tags', readonly=False, store=True, precompute=True, string='Tags', help='Optional tags you may want to assign for custom reporting', ondelete='restrict', tracking=True)"
AccountAccount,modified,group_id,"Many2one('account.group', compute='_compute_account_group', store=True, readonly=True, help='Account prefixes can determine account groups.')","Many2one('account.group', compute='_compute_account_group', help='Account prefixes can determine account groups.')"
AccountAccount,modified,root_id,"Many2one('account.root', compute='_compute_account_root', store=True, precompute=True)","Many2one('account.root', compute='_compute_account_root', search='_search_account_root')"
AccountLockException,added,active,,"Boolean(string='Active', default=True)"
AccountLockException,added,state,,"Selection(selection=[('active', 'Active'), ('revoked', 'Revoked'), ('expired', 'Expired')], string='State', compute='_compute_state', search='_search_state')"
AccountLockException,added,company_id,,"Many2one('res.company', string='Company', required=True, readonly=True, default=lambda self: self.env.company)"
AccountLockException,added,user_id,,"Many2one('res.users', string='User', default=lambda self: self.env.user)"
AccountLockException,added,reason,,Char(string='Reason')
AccountLockException,added,end_datetime,,Datetime(string='End Date')
AccountLockException,added,lock_date_field,,"Selection(selection=[('fiscalyear_lock_date', 'Global Lock Date'), ('tax_lock_date', 'Tax Return Lock Date'), ('sale_lock_date', 'Sales Lock Date'), ('purchase_lock_date', 'Purchase Lock Date')], string='Lock Date Field', required=True, help='Technical field identifying the changed lock date')"
AccountLockException,added,lock_date,,"Date(string='Changed Lock Date', help='Technical field giving the date the lock date was changed to.')"
AccountLockException,added,company_lock_date,,"Date(string='Original Lock Date', copy=False, help='Technical field giving the date the company lock date at the time the exception was created.')"
AccountLockException,added,fiscalyear_lock_date,,"Date(string='Global Lock Date', compute='_compute_lock_dates', search='_search_fiscalyear_lock_date', help='The date the Global Lock Date is set to by this exception. If the lock date is not changed it is set to the maximal date.')"
AccountLockException,added,tax_lock_date,,"Date(string='Tax Return Lock Date', compute='_compute_lock_dates', search='_search_tax_lock_date', help='The date the Tax Lock Date is set to by this exception. If the lock date is not changed it is set to the maximal date.')"
AccountLockException,added,sale_lock_date,,"Date(string='Sales Lock Date', compute='_compute_lock_dates', search='_search_sale_lock_date', help='The date the Sale Lock Date is set to by this exception. If the lock date is not changed it is set to the maximal date.')"
AccountLockException,added,purchase_lock_date,,"Date(string='Purchase Lock Date', compute='_compute_lock_dates', search='_search_purchase_lock_date', help='The date the Purchase Lock Date is set to by this exception. If the lock date is not changed it is set to the maximal date.')"
AccountPayment,added,name,,"Char(string='Number', compute='_compute_name', store=True)"
AccountPayment,added,date,,"Date(default=fields.Date.context_today, required=True, tracking=True)"
AccountPayment,added,journal_id,,"Many2one(comodel_name='account.journal', compute='_compute_journal_id', store=True, readonly=False, precompute=True, check_company=True, index=False, required=True)"
AccountPayment,added,company_id,,"Many2one(comodel_name='res.company', compute='_compute_company_id', store=True, readonly=False, precompute=True, index=False, required=True)"
AccountPayment,added,state,,"Selection(selection=[('draft', 'Draft'), ('in_process', 'In Process'), ('paid', 'Paid'), ('canceled', 'Canceled'), ('rejected', 'Rejected')], required=True, default='draft', compute='_compute_state', store=True, readonly=False, tracking=True, copy=False)"
AccountPayment,added,is_sent,,"Boolean(string='Is Sent', readonly=True, copy=False)"
AccountPayment,added,memo,,"Char(string='Memo', tracking=True)"
AccountPayment,added,company_currency_id,,"Many2one(string='Company Currency', related='company_id.currency_id')"
AccountPayment,added,invoice_ids,,"Many2many(string='Invoices', comodel_name='account.move', relation='account_move__account_payment', column1='payment_id', column2='invoice_id', copy=False)"
AccountPayment,added,payment_receipt_title,,Char(compute='_compute_payment_receipt_title')
AccountPayment,added,need_cancel_request,,Boolean(related='move_id.need_cancel_request')
AccountPayment,added,duplicate_payment_ids,,"Many2many(comodel_name='account.payment', compute='_compute_duplicate_payment_ids')"
AccountPayment,added,attachment_ids,,"One2many('ir.attachment', 'res_id', string='Attachments')"
AccountPayment,removed,is_internal_transfer,"Boolean(string='Internal Transfer', readonly=False, store=True, tracking=True, compute='_compute_is_internal_transfer')",
AccountPayment,removed,destination_journal_id,"Many2one(comodel_name='account.journal', string='Destination Journal', domain=""[('type', 'in', ('bank','cash')), ('id', '!=', journal_id)]"", check_company=True)",
AccountPayment,modified,move_id,"Many2one(comodel_name='account.move', string='Journal Entry', required=True, readonly=True, ondelete='cascade', index=True, check_company=True)","Many2one(comodel_name='account.move', string='Journal Entry', index=True, copy=False, check_company=True)"
AccountPayment,modified,partner_id,"Many2one(comodel_name='res.partner', string='Customer/Vendor', store=True, readonly=False, ondelete='restrict', compute='_compute_partner_id', domain=""['|', ('parent_id','=', False), ('is_company','=', True)]"", tracking=True, check_company=True)","Many2one(comodel_name='res.partner', string='Customer/Vendor', store=True, readonly=False, ondelete='restrict', compute='_compute_partner_id', precompute=True, domain=""['|', ('parent_id','=', False), ('is_company','=', True)]"", tracking=True, check_company=True)"
AccountTaxGroup,added,pos_receipt_label,,Char(string='PoS receipt label')
AccountTaxGroup,modified,preceding_subtotal,"Char(string='Preceding Subtotal', help=""If set, this value will be used on documents as the label of a subtotal excluding this tax group before displaying it. If not set, the tax group will be displayed after the 'Untaxed amount' subtotal."")","Char(string='Preceding Subtotal', help=""If set, this value will be used on documents as the label of a subtotal excluding this tax group before displaying it. If not set, the tax group will be displayed after the 'Untaxed amount' subtotal."", translate=True)"
AccountTax,added,company_price_include,,Selection(related='company_id.account_price_include')
AccountTax,added,price_include_override,,"Selection(selection=[('tax_included', 'Tax Included'), ('tax_excluded', 'Tax Excluded')], string='Included in Price', tracking=True, help=""Overrides the Company's default on whether the price you use on the product and invoices includes this tax."")"
AccountTax,added,invoice_legal_notes,,"Html(string='Legal Notes', help='Legal mentions that have to be printed on the invoices.')"
AccountTax,added,has_negative_factor,,Boolean(compute='_compute_has_negative_factor')
AccountTax,modified,amount_type,"Selection(default='percent', string='Tax Computation', required=True, tracking=True, selection=[('group', 'Group of Taxes'), ('fixed', 'Fixed'), ('percent', 'Percentage of Price'), ('division', 'Percentage of Price Tax Included')], help='\n    - Group of Taxes: The tax is a set of sub taxes.\n    - Fixed: The tax amount stays the same whatever the price.\n    - Percentage of Price: The tax amount is a % of the price:\n        e.g 100 * (1 + 10%) = 110 (not price included)\n        e.g 110 / (1 + 10%) = 100 (price included)\n    - Percentage of Price Tax Included: The tax amount is a division of the price:\n        e.g 180 / (1 - 10%) = 200 (not price included)\n        e.g 200 * (1 - 10%) = 180 (price included)\n        ')","Selection(default='percent', string='Tax Computation', required=True, tracking=True, selection=[('group', 'Group of Taxes'), ('fixed', 'Fixed'), ('percent', 'Percentage'), ('division', 'Percentage Tax Included')], help='\n    - Group of Taxes: The tax is a set of sub taxes.\n    - Fixed: The tax amount stays the same whatever the price.\n    - Percentage: The tax amount is a % of the price:\n        e.g 100 * (1 + 10%) = 110 (not price included)\n        e.g 110 / (1 + 10%) = 100 (price included)\n    - Percentage Tax Included: The tax amount is a division of the price:\n        e.g 180 / (1 - 10%) = 200 (not price included)\n        e.g 200 * (1 - 10%) = 180 (price included)\n        ')"
AccountTax,modified,description,"Char(string='Description', translate=True)","Html(string='Description', translate=html_translate)"
AccountTax,modified,price_include,"Boolean(string='Included in Price', default=False, tracking=True, help='Check this if the price you use on the product and invoices includes this tax.')","Boolean(compute='_compute_price_include', search='_search_price_include', help='Determines whether the price you use on the product and invoices includes this tax.')"
